2026-05-02 12:00:07.485,req-0001501,user-011,login,200,45.927,eastus,
2026-05-02 12:01:37.022,req-0001502,user-048,tokenvalidation,200,5.890,northeurope,
2026-05-02 12:03:37.352,req-0001503,user-042,logout,200,14.478,eastus,4h
2026-05-02 12:05:48.642,req-0001504,user-002,signup,400,24.741,eastus,1h
2026-05-02 12:06:07.793,req-0001505,user-037,tokenvalidation,200,11.693,eastus,8h
2026-05-02 12:10:02.218,req-0001506,user-001,userinfo,200,29.013,westus,24h
2026-05-02 12:11:06.037,req-0001507,user-045,tokenexchange,200,45.910,westus,1h
2026-05-02 12:15:28.028,req-0001508,user-009,signup,201,66.595,eastus,30m
2026-05-02 12:20:16.000,req-0001509,user-043,login,401,41.519,northeurope,24h
2026-05-02 12:21:02.511,req-0001510,user-014,login,200,50.639,eastus,24h
2026-05-02 12:21:29.676,req-0001511,user-048,userinfo,400,7.874,eastus,24h
2026-05-02 12:26:46.021,req-0001512,user-015,login,200,22.264,southeastasia,15m
2026-05-02 12:27:13.575,req-0001513,user-016,userinfo,200,27.754,eastus,2h
2026-05-02 12:27:19.423,req-0001514,user-008,login,200,44.585,northeurope,2h
2026-05-02 12:28:43.782,req-0001515,user-030,tokenvalidation,200,11.474,eastus,1h
2026-05-02 12:28:54.976,req-0001516,,tokenvalidation,200,6.612,westus,8h
2026-05-02 12:29:19.943,req-0001517,user-014,login,401,18.745,westus,30m
2026-05-02 12:30:47.672,req-0001518,user-042,login,200,45.449,eastus,1h
2026-05-02 12:31:21.664,req-0001519,,tokenvalidation,500,46.913,,8h
2026-05-02 12:31:40.989,req-0001520,user-014,tokenvalidation,401,7.810,southeastasia,24h
2026-05-02 12:34:20.079,req-0001521,user-008,tokenvalidation,200,7.170,southeastasia,24h
2026-05-02 12:35:02.858,req-0001522,user-004,tokenvalidation,200,10.140,westus,1h
2026-05-02 12:36:31.971,req-0001523,user-001,tokenvalidation,200,6.850,eastus,8h
2026-05-02 12:36:51.992,req-0001524,user-034,tokenvalidation,200,7.369,westus,4h
2026-05-02 12:42:38.156,req-0001525,user-008,login,200,58.145,northeurope,8h
2026-05-02 12:44:47.703,req-0001526,user-002,tokenvalidation,200,7.438,southeastasia,15m
2026-05-02 12:48:01.190,req-0001527,user-046,tokenvalidation,401,3.292,northeurope,1h
2026-05-02 12:48:27.223,req-0001528,user-011,tokenvalidation,401,7.602,eastus,4h
2026-05-02 12:48:56.852,req-0001529,user-035,signup,201,71.525,eastus,15m
2026-05-02 12:49:17.918,req-0001530,user-045,tokenexchange,200,74.422,westus,8h
2026-05-02 12:50:34.855,req-0001531,user-049,tokenvalidation,401,8.427,westus,2h
2026-05-02 12:51:32.784,req-0001532,user-002,userinfo,200,19.698,southeastasia,1h
2026-05-02 12:51:41.626,req-0001533,user-005,userinfo,200,32.217,westus,4h
2026-05-02 12:55:15.097,req-0001534,user-030,login,200,38.676,westus,8h
2026-05-02 13:01:20.130,req-0001535,,tokenvalidation,200,9.579,eastus,1h
2026-05-02 13:01:30.761,req-0001536,,login,401,29.441,eastus,
2026-05-02 13:01:32.819,req-0001537,user-039,login,200,20.990,eastus,1h
2026-05-02 13:04:40.445,req-0001538,user-027,login,200,43.393,westus,
2026-05-02 13:06:44.408,req-0001539,user-031,tokenexchange,401,67.306,northeurope,8h
2026-05-02 13:06:51.101,req-0001540,user-044,login,401,38.698,westus,4h
2026-05-02 13:08:30.039,req-0001541,user-037,login,401,29.754,eastus,1h
2026-05-02 13:08:30.903,req-0001542,user-016,tokenvalidation,500,51.042,eastus,1h
2026-05-02 13:09:32.870,req-0001543,user-046,tokenvalidation,200,8.914,northeurope,15m
2026-05-02 13:10:00.398,req-0001544,user-033,signup,400,53.879,westus,15m
2026-05-02 13:10:17.490,req-0001545,user-011,login,500,358.279,westus,8h
2026-05-02 13:13:46.775,req-0001546,user-030,tokenvalidation,200,9.790,northeurope,30m
2026-05-02 13:13:51.439,req-0001547,user-013,login,200,36.592,eastus,24h
2026-05-02 13:16:33.229,req-0001548,user-004,tokenvalidation,200,6.845,eastus,24h
2026-05-02 13:16:45.660,req-0001549,user-027,userinfo,200,21.366,westus,
2026-05-02 13:18:18.135,req-0001550,user-002,tokenexchange,200,86.448,eastus,30m
2026-05-02 13:18:23.781,req-0001551,user-022,signup,201,44.042,westus,2h
2026-05-02 13:18:58.002,req-0001552,user-017,login,200,47.203,southeastasia,15m
2026-05-02 13:20:04.452,req-0001553,user-020,tokenvalidation,200,7.632,westus,
2026-05-02 13:21:00.943,req-0001554,user-025,login,200,44.061,westus,30m
2026-05-02 13:22:16.154,req-0001555,user-009,tokenexchange,200,73.863,northeurope,1h
2026-05-02 13:22:39.112,req-0001556,user-002,login,401,21.564,southeastasia,
2026-05-02 13:25:21.955,req-0001557,user-009,tokenexchange,401,47.303,westus,1h
2026-05-02 13:25:54.836,req-0001558,user-005,tokenvalidation,200,11.441,eastus,8h
2026-05-02 13:26:45.795,req-0001559,user-035,signup,400,36.513,eastus,
2026-05-02 13:27:35.212,req-0001560,user-038,userinfo,500,125.164,eastus,24h
2026-05-02 13:28:39.686,req-0001561,user-020,login,401,30.826,southeastasia,24h
2026-05-02 13:28:51.558,req-0001562,user-009,userinfo,200,19.486,eastus,30m
2026-05-02 13:29:33.115,req-0001563,,login,200,20.426,eastus,4h
2026-05-02 13:30:13.874,req-0001564,user-048,login,200,23.173,westus,24h
2026-05-02 13:33:28.677,req-0001565,user-020,login,401,42.876,northeurope,30m
2026-05-02 13:34:54.645,req-0001566,user-020,login,500,356.860,northeurope,4h
2026-05-02 13:35:38.294,req-0001567,user-036,login,200,31.081,northeurope,30m
2026-05-02 13:36:30.032,req-0001568,user-019,tokenexchange,500,364.828,northeurope,24h
2026-05-02 13:38:09.535,req-0001569,user-031,tokenvalidation,500,93.230,westus,24h
2026-05-02 13:40:40.036,req-0001570,user-035,tokenvalidation,500,38.917,northeurope,1h
2026-05-02 13:40:50.122,req-0001571,user-036,signup,500,862.931,eastus,
2026-05-02 13:41:00.139,req-0001572,user-041,login,401,16.149,northeurope,2h
2026-05-02 13:43:59.531,req-0001573,user-036,login,200,27.710,northeurope,24h
2026-05-02 13:44:44.602,req-0001574,user-031,tokenvalidation,200,8.428,southeastasia,30m
2026-05-02 13:48:34.920,req-0001575,user-011,tokenvalidation,200,4.043,westus,4h
2026-05-02 13:48:52.758,req-0001576,user-050,tokenvalidation,200,6.136,eastus,15m
2026-05-02 13:48:57.442,req-0001577,user-005,tokenexchange,200,69.707,southeastasia,
2026-05-02 13:49:45.610,req-0001578,user-045,tokenvalidation,200,8.923,eastus,1h
2026-05-02 13:50:49.332,req-0001579,user-011,tokenexchange,200,79.475,westus,15m
2026-05-02 13:51:25.476,req-0001580,user-014,login,500,369.192,eastus,15m
2026-05-02 13:51:27.654,req-0001581,user-017,login,200,34.865,eastus,8h
2026-05-02 13:53:32.735,req-0001582,user-030,tokenvalidation,200,5.457,southeastasia,2h
2026-05-02 13:55:04.492,req-0001583,user-036,login,401,18.780,northeurope,30m
2026-05-02 13:57:01.278,req-0001584,user-048,userinfo,200,32.846,eastus,
2026-05-02 13:57:36.005,req-0001585,user-013,logout,400,5.713,southeastasia,4h
2026-05-02 13:58:13.505,req-0001586,user-036,tokenvalidation,200,9.562,eastus,4h
2026-05-02 13:59:01.606,req-0001587,user-011,tokenvalidation,200,6.890,westus,24h
2026-05-02 13:59:57.163,req-0001588,user-028,login,200,24.241,eastus,1h
2026-05-02 14:03:34.852,req-0001589,user-023,login,200,32.567,northeurope,15m
2026-05-02 14:03:39.236,req-0001590,user-005,tokenvalidation,200,11.028,eastus,24h
2026-05-02 14:05:01.426,req-0001591,user-007,login,200,20.491,southeastasia,15m
2026-05-02 14:07:16.674,req-0001592,user-004,signup,201,109.813,,24h
2026-05-02 14:08:16.862,req-0001593,user-023,tokenexchange,200,76.680,eastus,2h
2026-05-02 14:08:17.706,req-0001594,user-045,login,400,23.800,westus,4h
2026-05-02 14:08:19.208,req-0001595,user-023,login,200,53.990,eastus,30m
2026-05-02 14:10:05.948,req-0001596,user-050,logout,200,17.137,eastus,1h
2026-05-02 14:10:17.110,req-0001597,user-045,userinfo,200,24.576,westus,15m
2026-05-02 14:12:06.490,req-0001598,user-009,login,200,36.231,eastus,2h
2026-05-02 14:12:09.098,req-0001599,user-017,logout,200,22.411,westus,24h
2026-05-02 14:12:42.886,req-0001600,user-028,tokenexchange,401,64.891,northeurope,
2026-05-02 14:13:17.257,req-0001601,user-028,login,401,34.902,northeurope,24h
2026-05-02 14:13:52.064,req-0001602,user-022,login,200,41.812,northeurope,15m
2026-05-02 14:14:10.240,req-0001603,user-050,userinfo,200,33.304,northeurope,15m
2026-05-02 14:15:12.105,req-0001604,user-037,userinfo,200,21.798,eastus,15m
2026-05-02 14:15:31.006,req-0001605,user-039,userinfo,200,31.690,eastus,
2026-05-02 14:16:24.625,req-0001606,user-050,signup,400,56.269,northeurope,8h
2026-05-02 14:17:27.402,req-0001607,user-023,login,401,27.435,westus,24h
2026-05-02 14:18:28.034,req-0001608,user-041,login,200,58.414,eastus,4h
2026-05-02 14:18:56.054,req-0001609,user-015,tokenvalidation,200,4.245,eastus,4h
2026-05-02 14:19:40.566,req-0001610,user-029,tokenvalidation,200,10.084,westus,30m
2026-05-02 14:25:01.922,req-0001611,user-017,userinfo,200,34.229,westus,8h
2026-05-02 14:25:53.787,req-0001612,user-026,userinfo,401,25.567,eastus,24h
2026-05-02 14:29:12.383,req-0001613,user-026,tokenvalidation,200,5.417,northeurope,24h
2026-05-02 14:29:36.747,req-0001614,user-015,login,500,254.288,westus,8h
2026-05-02 14:30:20.658,req-0001615,user-049,login,401,20.254,eastus,4h
2026-05-02 14:31:03.766,req-0001616,user-038,login,400,11.915,eastus,30m
2026-05-02 14:32:31.552,req-0001617,user-015,login,200,50.718,,8h
2026-05-02 14:33:10.777,req-0001618,user-019,tokenvalidation,401,4.841,westus,24h
2026-05-02 14:40:32.528,req-0001619,user-046,login,401,19.987,eastus,15m
2026-05-02 14:41:58.909,req-0001620,user-045,tokenvalidation,200,9.815,eastus,15m
2026-05-02 14:42:02.601,req-0001621,user-030,login,401,24.311,,24h
2026-05-02 14:43:08.251,req-0001622,user-035,login,200,43.392,northeurope,4h
2026-05-02 14:45:33.746,req-0001623,,tokenvalidation,200,4.473,westus,2h
2026-05-02 14:46:21.686,req-0001624,user-032,login,401,35.812,northeurope,4h
2026-05-02 14:47:29.401,req-0001625,user-012,login,400,22.742,westus,30m
2026-05-02 14:48:03.035,req-0001626,user-006,login,500,237.837,eastus,1h
2026-05-02 14:49:02.639,req-0001627,user-049,tokenvalidation,401,4.498,westus,1h
2026-05-02 14:49:39.280,req-0001628,user-050,login,200,36.301,northeurope,30m
2026-05-02 14:50:23.976,req-0001629,user-016,userinfo,200,19.645,westus,
2026-05-02 14:51:12.076,req-0001630,user-034,tokenvalidation,200,10.962,westus,8h
2026-05-02 14:52:56.151,req-0001631,user-028,login,500,252.398,eastus,4h
2026-05-02 14:54:15.191,req-0001632,user-048,userinfo,200,29.386,northeurope,30m
2026-05-02 14:54:30.053,req-0001633,user-026,tokenvalidation,200,10.292,westus,30m
2026-05-02 14:54:53.855,req-0001634,user-035,login,500,258.345,northeurope,
2026-05-02 14:57:43.706,req-0001635,user-029,tokenexchange,401,65.432,westus,4h
2026-05-02 15:02:41.915,req-0001636,user-041,userinfo,200,16.654,eastus,4h
2026-05-02 15:02:48.801,req-0001637,user-011,userinfo,401,28.666,northeurope,2h
2026-05-02 15:02:54.769,req-0001638,user-022,tokenvalidation,200,7.752,westus,8h
2026-05-02 15:04:43.969,req-0001639,user-008,tokenvalidation,200,10.011,northeurope,24h
2026-05-02 15:05:10.944,req-0001640,user-042,logout,200,16.115,westus,15m
2026-05-02 15:05:53.914,req-0001641,user-012,login,200,25.964,northeurope,24h
2026-05-02 15:06:15.102,req-0001642,user-001,tokenvalidation,500,86.267,eastus,2h
2026-05-02 15:07:50.596,req-0001643,user-012,logout,200,16.818,northeurope,4h
2026-05-02 15:08:13.171,req-0001644,user-039,userinfo,401,29.722,westus,24h
2026-05-02 15:10:51.945,req-0001645,user-021,login,200,55.456,westus,4h
2026-05-02 15:14:08.973,req-0001646,user-008,tokenvalidation,200,5.441,eastus,8h
2026-05-02 15:14:19.754,req-0001647,user-035,userinfo,200,22.094,eastus,2h
2026-05-02 15:22:20.241,req-0001648,user-015,login,200,43.861,westus,24h
2026-05-02 15:24:28.618,req-0001649,user-042,tokenvalidation,200,11.207,westus,2h
2026-05-02 15:30:48.883,req-0001650,user-049,login,401,43.799,westus,2h
2026-05-02 15:31:44.037,req-0001651,user-039,logout,200,20.238,eastus,2h
2026-05-02 15:31:58.535,req-0001652,user-034,userinfo,200,37.173,eastus,
2026-05-02 15:34:07.003,req-0001653,user-047,tokenexchange,200,67.788,westus,24h
2026-05-02 15:34:43.171,req-0001654,user-021,logout,400,10.354,eastus,30m
2026-05-02 15:34:57.585,req-0001655,user-018,tokenexchange,200,55.982,southeastasia,30m
2026-05-02 15:34:58.541,req-0001656,user-015,tokenvalidation,200,4.675,southeastasia,1h
2026-05-02 15:35:46.138,req-0001657,user-025,userinfo,200,28.349,eastus,30m
2026-05-02 15:39:00.456,req-0001658,user-007,login,200,34.929,eastus,15m
2026-05-02 15:42:44.229,req-0001659,user-015,tokenvalidation,200,9.296,westus,30m
2026-05-02 15:45:26.117,req-0001660,user-033,userinfo,200,17.084,northeurope,1h
2026-05-02 15:47:51.941,req-0001661,user-006,tokenexchange,400,23.760,eastus,
2026-05-02 15:48:38.805,req-0001662,user-015,userinfo,200,32.890,westus,24h
2026-05-02 15:50:51.694,req-0001663,user-010,logout,200,14.738,southeastasia,24h
2026-05-02 15:51:27.118,req-0001664,user-023,login,200,55.734,southeastasia,4h
2026-05-02 15:56:47.245,req-0001665,user-024,logout,200,20.708,westus,8h
2026-05-02 15:57:49.972,req-0001666,user-025,logout,200,17.376,eastus,8h
2026-05-02 15:58:16.343,req-0001667,user-025,tokenexchange,401,63.610,eastus,4h
2026-05-02 16:00:34.671,req-0001668,user-020,login,401,37.197,eastus,2h
2026-05-02 16:01:03.756,req-0001669,user-018,logout,200,7.774,southeastasia,4h
2026-05-02 16:02:31.575,req-0001670,user-015,tokenexchange,200,68.658,eastus,30m
2026-05-02 16:02:36.341,req-0001671,user-026,tokenvalidation,401,3.604,,15m
2026-05-02 16:03:53.945,req-0001672,user-007,logout,200,18.682,,
2026-05-02 16:05:44.567,req-0001673,user-026,logout,400,5.618,eastus,1h
2026-05-02 16:06:34.579,req-0001674,user-032,login,200,26.559,eastus,4h
2026-05-02 16:06:41.445,req-0001675,user-027,login,401,40.114,eastus,1h
2026-05-02 16:06:56.818,req-0001676,user-045,signup,201,104.715,westus,1h
2026-05-02 16:07:05.896,req-0001677,user-003,login,400,18.773,southeastasia,30m
2026-05-02 16:08:04.436,req-0001678,user-024,login,500,218.138,southeastasia,15m
2026-05-02 16:10:07.268,req-0001679,user-042,userinfo,401,11.395,westus,24h
2026-05-02 16:13:22.254,req-0001680,user-016,login,500,270.359,eastus,
2026-05-02 16:14:20.835,req-0001681,user-023,tokenexchange,401,58.959,westus,30m
2026-05-02 16:17:33.380,req-0001682,user-045,login,401,45.716,southeastasia,30m
2026-05-02 16:18:26.639,req-0001683,user-032,userinfo,401,17.215,northeurope,1h
2026-05-02 16:18:56.887,req-0001684,user-044,login,200,26.286,northeurope,2h
2026-05-02 16:19:31.496,req-0001685,user-039,tokenvalidation,200,7.027,northeurope,2h
2026-05-02 16:22:22.532,req-0001686,user-041,tokenvalidation,200,9.531,eastus,15m
2026-05-02 16:22:57.641,req-0001687,user-018,userinfo,400,10.937,eastus,1h
2026-05-02 16:26:41.659,req-0001688,user-027,login,401,29.391,southeastasia,4h
2026-05-02 16:26:54.442,req-0001689,user-035,tokenexchange,200,74.291,northeurope,30m
2026-05-02 16:28:09.213,req-0001690,user-048,login,401,39.576,westus,1h
2026-05-02 16:30:20.267,req-0001691,user-005,userinfo,401,18.353,southeastasia,
2026-05-02 16:30:48.324,req-0001692,user-014,signup,400,50.207,westus,30m
2026-05-02 16:38:21.255,req-0001693,user-042,userinfo,200,34.812,westus,
2026-05-02 16:39:30.663,req-0001694,,signup,400,20.115,eastus,30m
2026-05-02 16:41:54.632,req-0001695,user-031,tokenexchange,200,63.004,eastus,2h
2026-05-02 16:44:28.481,req-0001696,user-016,signup,201,97.588,westus,1h
2026-05-02 16:45:31.470,req-0001697,user-046,tokenvalidation,200,5.196,westus,2h
2026-05-02 16:46:45.799,req-0001698,user-022,userinfo,200,14.016,eastus,
2026-05-02 16:48:36.169,req-0001699,user-050,login,200,37.720,southeastasia,30m
2026-05-02 16:50:52.956,req-0001700,,userinfo,200,31.816,westus,4h
2026-05-02 16:51:34.343,req-0001701,user-019,login,200,28.818,northeurope,8h
2026-05-02 16:53:04.770,req-0001702,user-042,logout,200,10.985,eastus,2h
2026-05-02 16:56:16.229,req-0001703,user-034,tokenvalidation,200,10.337,westus,15m
2026-05-02 16:57:50.796,req-0001704,user-043,tokenexchange,401,29.058,westus,30m
2026-05-02 17:00:04.588,req-0001705,user-022,tokenvalidation,200,9.034,southeastasia,4h
2026-05-02 17:01:31.064,req-0001706,user-034,login,200,34.564,eastus,2h
2026-05-02 17:10:14.636,req-0001707,user-038,tokenexchange,200,63.510,westus,2h
2026-05-02 17:14:35.659,req-0001708,user-050,tokenexchange,401,70.652,southeastasia,15m
2026-05-02 17:15:00.939,req-0001709,user-014,tokenvalidation,200,4.292,eastus,30m
2026-05-02 17:15:26.438,req-0001710,user-022,userinfo,200,13.870,eastus,30m
2026-05-02 17:15:39.876,req-0001711,user-008,signup,201,107.779,eastus,2h
2026-05-02 17:16:05.462,req-0001712,user-016,login,500,472.233,westus,
2026-05-02 17:17:40.568,req-0001713,user-029,tokenvalidation,200,5.696,westus,15m
2026-05-02 17:20:13.569,req-0001714,user-014,login,401,20.024,eastus,2h
2026-05-02 17:20:42.124,req-0001715,user-032,logout,200,12.615,northeurope,8h
2026-05-02 17:21:46.161,req-0001716,user-015,userinfo,400,15.846,northeurope,4h
2026-05-02 17:26:02.094,req-0001717,user-002,userinfo,200,13.374,eastus,8h
2026-05-02 17:26:06.558,req-0001718,user-028,tokenvalidation,200,7.448,northeurope,
2026-05-02 17:28:39.685,req-0001719,user-046,login,401,43.094,northeurope,30m
2026-05-02 17:29:04.940,req-0001720,user-010,userinfo,200,19.219,eastus,1h
2026-05-02 17:29:09.819,req-0001721,user-049,login,200,45.189,westus,1h
2026-05-02 17:29:42.315,req-0001722,user-032,tokenexchange,200,37.328,westus,4h
2026-05-02 17:30:10.284,req-0001723,user-041,tokenexchange,200,48.407,eastus,30m
2026-05-02 17:31:19.454,req-0001724,user-018,userinfo,400,13.238,northeurope,1h
2026-05-02 17:33:50.078,req-0001725,user-004,tokenexchange,200,84.459,eastus,8h
2026-05-02 17:34:17.798,req-0001726,user-046,tokenvalidation,200,8.249,eastus,1h
2026-05-02 17:35:32.626,req-0001727,user-040,userinfo,200,20.987,westus,8h
2026-05-02 17:35:49.591,req-0001728,user-014,login,200,22.477,eastus,30m
2026-05-02 17:36:42.634,req-0001729,,tokenvalidation,200,7.903,eastus,1h
2026-05-02 17:38:49.579,req-0001730,user-003,tokenexchange,200,78.198,westus,15m
2026-05-02 17:40:03.601,req-0001731,user-026,tokenvalidation,200,6.788,eastus,24h
2026-05-02 17:46:09.957,req-0001732,user-041,login,200,33.129,eastus,
2026-05-02 17:48:38.455,req-0001733,user-031,userinfo,200,17.719,eastus,
2026-05-02 17:49:01.313,req-0001734,user-039,login,200,22.580,,4h
2026-05-02 17:50:02.269,req-0001735,,login,401,43.403,eastus,1h
2026-05-02 17:51:15.727,req-0001736,,tokenvalidation,401,6.792,eastus,1h
2026-05-02 17:53:45.831,req-0001737,user-032,login,200,50.061,northeurope,8h
2026-05-02 17:56:03.237,req-0001738,user-040,login,401,29.853,eastus,8h
2026-05-02 17:58:04.584,req-0001739,user-039,userinfo,200,13.010,eastus,
2026-05-02 18:01:31.220,req-0001740,user-023,tokenvalidation,200,6.078,westus,15m
2026-05-02 18:01:35.253,req-0001741,user-023,tokenexchange,400,40.367,westus,15m
2026-05-02 18:01:49.127,req-0001742,user-046,userinfo,400,16.571,eastus,1h
2026-05-02 18:01:52.255,req-0001743,user-006,login,401,26.933,northeurope,1h
2026-05-02 18:02:47.601,req-0001744,user-044,login,200,23.164,northeurope,30m
2026-05-02 18:03:42.232,req-0001745,user-032,tokenexchange,200,68.503,northeurope,15m
2026-05-02 18:04:05.921,req-0001746,user-005,tokenvalidation,200,5.740,eastus,2h
2026-05-02 18:04:57.577,req-0001747,,signup,201,59.613,northeurope,30m
2026-05-02 18:05:27.829,req-0001748,user-018,tokenvalidation,200,7.994,northeurope,8h
2026-05-02 18:08:15.625,req-0001749,,tokenvalidation,500,41.094,westus,2h
2026-05-02 18:09:33.134,req-0001750,user-004,login,500,192.052,northeurope,1h
2026-05-02 18:09:52.498,req-0001751,user-026,login,401,37.357,northeurope,1h
2026-05-02 18:09:57.110,req-0001752,user-029,tokenvalidation,401,8.773,northeurope,15m
2026-05-02 18:10:24.375,req-0001753,user-026,login,200,39.527,westus,1h
2026-05-02 18:14:22.155,req-0001754,user-018,userinfo,401,14.471,northeurope,15m
2026-05-02 18:16:43.514,req-0001755,,login,401,34.911,eastus,8h
2026-05-02 18:20:07.421,req-0001756,user-005,login,200,23.731,eastus,30m
2026-05-02 18:20:22.141,req-0001757,user-031,login,400,22.511,westus,4h
2026-05-02 18:21:07.806,req-0001758,user-041,tokenvalidation,200,5.458,northeurope,8h
2026-05-02 18:22:50.557,req-0001759,user-003,login,401,46.363,northeurope,8h
2026-05-02 18:24:05.950,req-0001760,user-032,userinfo,500,165.327,westus,2h
2026-05-02 18:26:36.845,req-0001761,user-006,userinfo,401,17.978,southeastasia,4h
2026-05-02 18:26:59.137,req-0001762,user-047,userinfo,500,182.796,southeastasia,4h
2026-05-02 18:27:27.498,req-0001763,user-018,login,200,57.948,eastus,24h
2026-05-02 18:27:38.789,req-0001764,user-047,login,401,28.853,eastus,30m
2026-05-02 18:29:37.577,req-0001765,user-032,login,500,261.928,eastus,8h
2026-05-02 18:30:07.768,req-0001766,user-041,tokenexchange,500,468.984,eastus,24h
2026-05-02 18:31:08.348,req-0001767,user-024,logout,200,15.620,eastus,
2026-05-02 18:31:10.465,req-0001768,user-028,tokenvalidation,200,9.688,eastus,30m
2026-05-02 18:31:34.227,req-0001769,user-018,tokenexchange,401,37.178,eastus,15m
2026-05-02 18:32:17.069,req-0001770,user-020,tokenexchange,500,699.782,northeurope,2h
2026-05-02 18:32:40.437,req-0001771,user-034,tokenvalidation,200,4.805,eastus,24h
2026-05-02 18:33:27.172,req-0001772,user-031,tokenvalidation,401,9.032,northeurope,15m
2026-05-02 18:38:41.636,req-0001773,user-033,tokenvalidation,200,9.505,eastus,2h
2026-05-02 18:40:30.272,req-0001774,user-010,tokenvalidation,401,5.152,eastus,2h
2026-05-02 18:41:30.097,req-0001775,user-014,signup,201,75.959,eastus,4h
2026-05-02 18:43:23.991,req-0001776,user-009,logout,200,20.320,eastus,30m
2026-05-02 18:44:08.005,req-0001777,user-050,userinfo,200,16.132,eastus,
2026-05-02 18:46:48.966,req-0001778,user-044,tokenvalidation,500,94.006,eastus,2h
2026-05-02 18:47:05.176,req-0001779,user-049,login,200,20.692,northeurope,4h
2026-05-02 18:47:17.445,req-0001780,user-009,login,401,40.850,eastus,15m
2026-05-02 18:48:04.245,req-0001781,user-034,signup,400,36.053,eastus,1h
2026-05-02 18:50:09.994,req-0001782,user-013,tokenvalidation,200,4.252,westus,15m
2026-05-02 18:50:38.235,req-0001783,user-034,tokenvalidation,200,5.763,eastus,
2026-05-02 18:50:49.375,req-0001784,user-010,signup,400,44.849,westus,
2026-05-02 18:51:36.494,req-0001785,user-044,logout,200,11.488,eastus,2h
2026-05-02 18:52:14.996,req-0001786,user-011,login,400,29.409,westus,8h
2026-05-02 18:54:25.039,req-0001787,user-040,tokenvalidation,200,5.113,westus,8h
2026-05-02 18:55:10.650,req-0001788,user-026,tokenvalidation,200,8.764,eastus,30m
2026-05-02 18:55:13.641,req-0001789,user-035,logout,400,6.009,northeurope,30m
2026-05-02 18:55:15.241,req-0001790,user-025,logout,200,14.976,southeastasia,
2026-05-02 18:58:45.152,req-0001791,user-012,tokenvalidation,500,69.283,northeurope,2h
2026-05-02 19:00:13.665,req-0001792,user-025,tokenvalidation,200,4.083,westus,30m
2026-05-02 19:00:16.301,req-0001793,user-018,tokenvalidation,200,6.607,eastus,24h
2026-05-02 19:01:36.362,req-0001794,user-019,userinfo,200,14.662,eastus,2h
2026-05-02 19:03:24.251,req-0001795,user-021,userinfo,200,21.411,northeurope,15m
2026-05-02 19:03:50.866,req-0001796,user-049,login,200,56.416,eastus,4h
2026-05-02 19:05:52.125,req-0001797,,login,200,35.007,eastus,8h
2026-05-02 19:06:05.989,req-0001798,user-024,userinfo,400,17.335,northeurope,8h
2026-05-02 19:06:36.517,req-0001799,user-015,signup,400,21.011,westus,15m
2026-05-02 19:08:17.503,req-0001800,user-019,login,401,19.592,northeurope,2h
2026-05-02 19:08:39.614,req-0001801,user-011,userinfo,200,32.037,eastus,24h
2026-05-02 19:09:44.414,req-0001802,user-037,logout,400,5.160,eastus,1h
2026-05-02 19:09:48.908,req-0001803,user-029,userinfo,200,36.557,eastus,8h
2026-05-02 19:10:37.382,req-0001804,user-016,logout,200,13.239,southeastasia,2h
2026-05-02 19:10:46.254,req-0001805,user-005,tokenexchange,200,86.621,southeastasia,24h
2026-05-02 19:10:55.496,req-0001806,user-002,tokenexchange,500,247.383,westus,1h
2026-05-02 19:13:19.420,req-0001807,user-032,tokenexchange,401,50.923,eastus,2h
2026-05-02 19:13:24.078,req-0001808,user-001,tokenvalidation,200,4.955,westus,4h
2026-05-02 19:15:35.421,req-0001809,user-009,login,200,38.190,eastus,1h
2026-05-02 19:17:06.839,req-0001810,user-005,login,401,16.070,eastus,4h
2026-05-02 19:18:09.167,req-0001811,user-042,userinfo,200,35.290,southeastasia,8h
2026-05-02 19:19:17.662,req-0001812,user-018,login,200,39.035,eastus,1h
2026-05-02 19:21:45.134,req-0001813,,userinfo,500,209.897,westus,
2026-05-02 19:23:47.727,req-0001814,user-045,login,500,175.553,westus,1h
2026-05-02 19:24:33.721,req-0001815,user-035,login,200,42.308,westus,15m
2026-05-02 19:27:41.132,req-0001816,user-016,userinfo,200,21.269,eastus,1h
2026-05-02 19:27:50.967,req-0001817,user-002,tokenvalidation,500,61.456,eastus,8h
2026-05-02 19:28:16.451,req-0001818,user-036,tokenvalidation,200,8.732,southeastasia,
2026-05-02 19:28:30.152,req-0001819,user-019,login,401,36.107,southeastasia,30m
2026-05-02 19:31:15.191,req-0001820,user-014,tokenvalidation,401,6.500,westus,2h
2026-05-02 19:31:44.160,req-0001821,user-038,signup,201,75.525,westus,4h
2026-05-02 19:31:47.045,req-0001822,user-048,logout,200,21.243,eastus,8h
2026-05-02 19:32:32.626,req-0001823,user-017,login,200,54.555,westus,4h
2026-05-02 19:33:55.851,req-0001824,user-004,userinfo,400,10.707,northeurope,24h
2026-05-02 19:35:17.669,req-0001825,user-025,tokenvalidation,200,8.259,eastus,2h
2026-05-02 19:36:33.510,req-0001826,user-050,tokenvalidation,200,7.898,northeurope,8h
2026-05-02 19:36:55.356,req-0001827,user-018,logout,200,21.209,westus,24h
2026-05-02 19:38:14.393,req-0001828,user-009,login,400,26.858,eastus,30m
2026-05-02 19:38:59.578,req-0001829,user-002,tokenvalidation,500,92.957,westus,1h
2026-05-02 19:41:25.370,req-0001830,user-019,userinfo,200,23.198,northeurope,24h
2026-05-02 19:41:39.522,req-0001831,user-006,tokenvalidation,200,4.739,northeurope,30m
2026-05-02 19:42:49.901,req-0001832,user-014,userinfo,200,30.005,westus,2h
2026-05-02 19:46:07.350,req-0001833,user-044,signup,201,87.741,northeurope,8h
2026-05-02 19:46:39.496,req-0001834,user-002,userinfo,200,19.068,southeastasia,4h
2026-05-02 19:48:18.623,req-0001835,user-016,tokenexchange,200,43.812,,15m
2026-05-02 19:48:38.069,req-0001836,user-050,tokenexchange,401,50.525,westus,30m
2026-05-02 19:49:27.496,req-0001837,user-050,login,200,28.936,westus,4h
2026-05-02 19:51:38.630,req-0001838,user-009,userinfo,200,22.688,eastus,24h
2026-05-02 19:52:21.195,req-0001839,user-034,login,200,20.239,eastus,1h
2026-05-02 19:52:26.275,req-0001840,user-026,login,401,17.263,westus,
2026-05-02 19:56:09.163,req-0001841,user-011,logout,200,13.805,eastus,2h
2026-05-02 19:57:05.535,req-0001842,user-046,tokenexchange,200,74.655,northeurope,1h
2026-05-02 19:58:16.884,req-0001843,user-025,logout,200,8.468,southeastasia,4h
2026-05-02 19:59:38.988,req-0001844,user-038,tokenexchange,401,43.401,westus,4h
2026-05-02 20:02:49.255,req-0001845,user-014,tokenexchange,200,30.478,northeurope,24h
2026-05-02 20:03:04.926,req-0001846,user-036,login,200,42.319,westus,
2026-05-02 20:04:28.375,req-0001847,user-037,login,401,35.597,westus,
2026-05-02 20:05:05.367,req-0001848,user-005,tokenvalidation,200,9.639,eastus,30m
2026-05-02 20:06:32.173,req-0001849,user-017,tokenvalidation,401,7.098,eastus,8h
2026-05-02 20:10:23.279,req-0001850,user-033,userinfo,200,36.983,westus,24h
2026-05-02 20:13:23.814,req-0001851,user-003,userinfo,400,6.533,eastus,30m
2026-05-02 20:15:10.653,req-0001852,user-013,tokenexchange,200,83.349,southeastasia,2h
2026-05-02 20:15:41.775,req-0001853,user-014,tokenvalidation,500,40.301,westus,1h
2026-05-02 20:15:58.283,req-0001854,user-022,tokenvalidation,200,8.616,westus,2h
2026-05-02 20:16:09.880,req-0001855,user-043,login,200,31.544,westus,30m
2026-05-02 20:16:19.732,req-0001856,,tokenvalidation,200,10.994,northeurope,1h
2026-05-02 20:16:38.310,req-0001857,user-002,signup,400,35.719,northeurope,8h
2026-05-02 20:16:38.440,req-0001858,user-031,login,200,35.783,westus,24h
2026-05-02 20:16:43.778,req-0001859,user-029,userinfo,200,32.349,northeurope,1h
2026-05-02 20:24:47.013,req-0001860,user-023,login,401,21.514,northeurope,24h
2026-05-02 20:26:01.153,req-0001861,user-029,tokenvalidation,500,95.979,eastus,
2026-05-02 20:28:28.063,req-0001862,user-026,tokenexchange,500,585.957,westus,15m
2026-05-02 20:29:26.078,req-0001863,user-010,tokenvalidation,200,6.367,southeastasia,15m
2026-05-02 20:31:05.705,req-0001864,user-045,login,400,11.477,northeurope,1h
2026-05-02 20:32:49.079,req-0001865,user-002,login,400,10.977,northeurope,24h
2026-05-02 20:34:35.128,req-0001866,user-029,tokenvalidation,200,7.645,eastus,8h
2026-05-02 20:36:39.866,req-0001867,user-007,tokenexchange,401,39.346,southeastasia,30m
2026-05-02 20:37:46.233,req-0001868,user-047,login,401,24.287,westus,30m
2026-05-02 20:40:02.323,req-0001869,user-046,tokenvalidation,200,9.872,southeastasia,
2026-05-02 20:40:22.936,req-0001870,user-001,login,500,432.499,,30m
2026-05-02 20:41:42.398,req-0001871,user-046,login,200,53.371,southeastasia,2h
2026-05-02 20:41:54.935,req-0001872,user-012,tokenexchange,200,49.961,southeastasia,15m
2026-05-02 20:46:11.301,req-0001873,user-019,logout,200,20.720,eastus,15m
2026-05-02 20:46:19.833,req-0001874,user-050,tokenvalidation,401,4.727,northeurope,
2026-05-02 20:47:15.784,req-0001875,user-024,signup,400,47.561,northeurope,15m
2026-05-02 20:48:06.485,req-0001876,user-048,tokenvalidation,200,11.046,eastus,
2026-05-02 20:51:10.128,req-0001877,user-003,login,401,22.984,northeurope,8h
2026-05-02 20:53:13.779,req-0001878,user-016,login,200,21.391,westus,15m
2026-05-02 21:01:22.717,req-0001879,user-029,tokenvalidation,200,6.481,northeurope,30m
2026-05-02 21:03:36.403,req-0001880,user-041,signup,200,92.394,eastus,24h
2026-05-02 21:03:47.525,req-0001881,user-002,tokenexchange,400,26.211,eastus,8h
2026-05-02 21:04:32.298,req-0001882,user-030,tokenexchange,200,46.346,westus,8h
2026-05-02 21:04:42.489,req-0001883,user-048,tokenvalidation,200,8.993,northeurope,15m
2026-05-02 21:06:00.551,req-0001884,user-041,logout,200,21.604,westus,24h
2026-05-02 21:06:13.163,req-0001885,user-033,login,200,34.390,eastus,15m
2026-05-02 21:08:35.309,req-0001886,user-003,login,401,38.005,eastus,1h
2026-05-02 21:08:44.671,req-0001887,user-018,signup,201,58.998,westus,8h
2026-05-02 21:10:33.156,req-0001888,user-039,logout,200,16.301,eastus,
2026-05-02 21:10:44.866,req-0001889,user-016,login,200,25.098,westus,
2026-05-02 21:12:10.216,req-0001890,user-005,login,401,42.399,eastus,1h
2026-05-02 21:12:37.898,req-0001891,user-028,login,200,52.384,northeurope,24h
2026-05-02 21:16:01.107,req-0001892,user-046,login,500,226.057,eastus,8h
2026-05-02 21:18:56.745,req-0001893,user-043,tokenexchange,200,89.863,northeurope,8h
2026-05-02 21:19:19.414,req-0001894,user-035,userinfo,200,33.789,southeastasia,2h
2026-05-02 21:19:31.589,req-0001895,user-046,userinfo,400,11.462,westus,4h
2026-05-02 21:19:39.755,req-0001896,user-019,login,200,43.605,eastus,
2026-05-02 21:23:33.421,req-0001897,user-027,tokenexchange,401,41.664,westus,4h
2026-05-02 21:24:04.677,req-0001898,user-022,login,200,24.073,,
2026-05-02 21:26:14.318,req-0001899,user-012,tokenvalidation,401,7.495,eastus,24h
2026-05-02 21:30:32.178,req-0001900,user-023,tokenvalidation,500,95.850,northeurope,24h
2026-05-02 21:32:32.960,req-0001901,user-007,userinfo,200,35.857,eastus,24h
2026-05-02 21:33:27.270,req-0001902,user-022,logout,200,11.612,southeastasia,4h
2026-05-02 21:33:39.313,req-0001903,user-012,login,200,37.684,southeastasia,
2026-05-02 21:34:27.573,req-0001904,user-045,userinfo,200,20.937,westus,30m
2026-05-02 21:36:09.428,req-0001905,user-018,tokenvalidation,200,7.412,eastus,8h
2026-05-02 21:36:56.634,req-0001906,user-038,tokenvalidation,200,7.777,northeurope,1h
2026-05-02 21:38:34.518,req-0001907,user-005,signup,400,50.872,westus,15m
2026-05-02 21:40:50.408,req-0001908,user-013,login,401,21.140,northeurope,24h
2026-05-02 21:42:31.165,req-0001909,user-025,userinfo,200,28.052,northeurope,2h
2026-05-02 21:43:44.303,req-0001910,user-004,login,500,186.903,eastus,8h
2026-05-02 21:44:02.067,req-0001911,user-014,login,400,25.269,southeastasia,2h
2026-05-02 21:49:55.681,req-0001912,user-021,tokenvalidation,200,7.156,westus,4h
2026-05-02 21:51:09.156,req-0001913,user-024,tokenvalidation,200,6.947,westus,1h
2026-05-02 21:54:42.822,req-0001914,user-025,login,200,27.033,westus,2h
2026-05-02 21:55:07.898,req-0001915,,logout,200,17.307,eastus,30m
2026-05-02 21:55:55.709,req-0001916,user-025,userinfo,401,10.376,eastus,4h
2026-05-02 21:56:08.808,req-0001917,user-012,tokenvalidation,200,7.784,eastus,24h
2026-05-02 21:57:45.407,req-0001918,user-009,tokenvalidation,200,4.974,westus,4h
2026-05-02 22:00:43.029,req-0001919,user-007,userinfo,401,23.508,eastus,30m
2026-05-02 22:00:53.308,req-0001920,user-041,login,401,39.760,eastus,24h
2026-05-02 22:01:56.912,req-0001921,user-011,login,200,34.351,westus,4h
2026-05-02 22:04:02.548,req-0001922,user-032,tokenvalidation,200,4.406,,4h
2026-05-02 22:06:09.843,req-0001923,user-004,login,401,38.252,westus,2h
2026-05-02 22:09:32.294,req-0001924,user-018,signup,500,549.736,northeurope,30m
2026-05-02 22:12:14.281,req-0001925,user-001,login,400,10.190,eastus,15m
2026-05-02 22:13:57.744,req-0001926,user-027,login,200,31.666,northeurope,30m
2026-05-02 22:16:33.445,req-0001927,user-041,logout,200,19.459,eastus,24h
2026-05-02 22:17:20.590,req-0001928,,tokenvalidation,200,9.822,westus,1h
2026-05-02 22:20:03.165,req-0001929,user-029,tokenvalidation,500,51.626,southeastasia,
2026-05-02 22:24:59.206,req-0001930,user-010,tokenvalidation,200,4.418,southeastasia,8h
2026-05-02 22:26:36.914,req-0001931,user-038,login,401,37.287,,
2026-05-02 22:27:02.310,req-0001932,user-032,tokenvalidation,200,9.856,eastus,15m
2026-05-02 22:28:24.688,req-0001933,user-049,tokenexchange,200,33.913,eastus,8h
2026-05-02 22:29:14.869,req-0001934,user-040,login,401,44.211,westus,24h
2026-05-02 22:31:09.840,req-0001935,user-019,logout,200,9.884,eastus,4h
2026-05-02 22:31:11.698,req-0001936,user-022,tokenvalidation,200,8.593,westus,2h
2026-05-02 22:31:13.486,req-0001937,,tokenvalidation,200,9.489,eastus,30m
2026-05-02 22:32:17.730,req-0001938,user-033,userinfo,200,30.804,westus,1h
2026-05-02 22:33:53.995,req-0001939,user-050,logout,200,8.411,northeurope,30m
2026-05-02 22:34:13.815,req-0001940,user-010,userinfo,400,7.121,westus,4h
2026-05-02 22:34:14.409,req-0001941,user-026,login,401,45.153,eastus,15m
2026-05-02 22:34:46.935,req-0001942,user-043,logout,200,16.458,westus,4h
2026-05-02 22:34:54.490,req-0001943,user-016,tokenvalidation,200,9.617,westus,30m
2026-05-02 22:36:44.228,req-0001944,user-028,tokenvalidation,200,7.572,northeurope,4h
2026-05-02 22:38:33.961,req-0001945,user-039,tokenvalidation,401,6.485,eastus,8h
2026-05-02 22:38:39.899,req-0001946,user-006,tokenvalidation,200,8.818,eastus,24h
2026-05-02 22:38:50.586,req-0001947,user-012,login,200,27.486,southeastasia,24h
2026-05-02 22:40:54.910,req-0001948,user-026,logout,200,9.250,westus,24h
2026-05-02 22:45:28.415,req-0001949,user-001,userinfo,200,37.439,southeastasia,2h
2026-05-02 22:45:37.754,req-0001950,user-004,tokenexchange,200,44.278,eastus,2h
2026-05-02 22:45:50.230,req-0001951,user-004,userinfo,200,22.849,southeastasia,4h
2026-05-02 22:48:19.468,req-0001952,user-005,tokenvalidation,200,7.713,westus,
2026-05-02 22:48:46.187,req-0001953,user-021,userinfo,401,14.244,eastus,
2026-05-02 22:49:28.064,req-0001954,user-015,userinfo,200,30.969,eastus,15m
2026-05-02 22:50:01.805,req-0001955,user-015,login,200,29.076,westus,15m
2026-05-02 22:52:39.919,req-0001956,user-046,tokenvalidation,200,11.165,eastus,15m
2026-05-02 22:53:39.766,req-0001957,user-046,login,401,39.932,westus,30m
2026-05-02 22:54:43.301,req-0001958,user-025,userinfo,200,33.725,southeastasia,30m
2026-05-02 22:59:10.342,req-0001959,user-034,tokenexchange,401,60.120,eastus,8h
2026-05-02 22:59:10.620,req-0001960,user-050,tokenvalidation,200,6.431,eastus,4h
2026-05-02 22:59:30.418,req-0001961,user-017,logout,200,19.334,eastus,1h
2026-05-02 23:02:54.352,req-0001962,user-027,login,200,34.963,westus,15m
2026-05-02 23:03:15.763,req-0001963,user-037,userinfo,200,21.473,westus,8h
2026-05-02 23:06:26.621,req-0001964,user-023,tokenvalidation,200,9.078,,
2026-05-02 23:08:45.486,req-0001965,user-004,userinfo,200,21.472,eastus,24h
2026-05-02 23:09:16.494,req-0001966,user-042,login,400,24.965,westus,24h
2026-05-02 23:12:30.140,req-0001967,user-032,signup,500,552.544,eastus,2h
2026-05-02 23:16:29.871,req-0001968,user-003,tokenvalidation,200,6.809,westus,24h
2026-05-02 23:17:45.062,req-0001969,user-030,tokenvalidation,200,7.643,eastus,8h
2026-05-02 23:17:47.671,req-0001970,user-005,tokenexchange,200,88.931,eastus,4h
2026-05-02 23:19:01.032,req-0001971,user-033,tokenvalidation,200,7.191,,2h
2026-05-02 23:19:01.951,req-0001972,user-018,tokenvalidation,200,6.588,southeastasia,1h
2026-05-02 23:22:01.864,req-0001973,user-015,userinfo,400,16.668,eastus,4h
2026-05-02 23:28:05.494,req-0001974,user-005,signup,400,26.083,eastus,8h
2026-05-02 23:29:01.069,req-0001975,user-045,userinfo,401,26.681,westus,15m
2026-05-02 23:29:32.664,req-0001976,user-039,userinfo,500,121.873,eastus,4h
2026-05-02 23:29:38.815,req-0001977,user-026,login,500,408.990,eastus,15m
2026-05-02 23:30:46.293,req-0001978,user-018,login,400,25.715,westus,30m
2026-05-02 23:33:37.395,req-0001979,user-023,signup,201,48.142,eastus,8h
2026-05-02 23:33:57.250,req-0001980,user-011,signup,200,51.961,westus,30m
2026-05-02 23:35:09.190,req-0001981,user-029,userinfo,400,10.964,southeastasia,8h
2026-05-02 23:36:03.934,req-0001982,user-040,tokenvalidation,200,7.190,eastus,1h
2026-05-02 23:36:20.337,req-0001983,user-031,tokenexchange,200,86.782,eastus,30m
2026-05-02 23:37:18.081,req-0001984,user-035,login,200,29.081,eastus,30m
2026-05-02 23:41:49.151,req-0001985,user-018,userinfo,200,16.864,northeurope,1h
2026-05-02 23:42:00.723,req-0001986,user-024,userinfo,200,18.594,eastus,2h
2026-05-02 23:43:58.287,req-0001987,user-038,login,200,32.670,westus,1h
2026-05-02 23:44:36.869,req-0001988,user-018,login,500,331.653,eastus,8h
2026-05-02 23:44:41.093,req-0001989,user-021,tokenvalidation,500,50.340,southeastasia,
2026-05-02 23:45:09.771,req-0001990,user-028,userinfo,200,26.210,eastus,2h
2026-05-02 23:48:57.985,req-0001991,,logout,200,13.995,northeurope,30m
2026-05-02 23:49:46.367,req-0001992,user-039,login,401,27.137,southeastasia,15m
2026-05-02 23:51:02.598,req-0001993,user-011,login,200,33.973,southeastasia,2h
2026-05-02 23:55:55.317,req-0001994,user-014,login,200,20.185,eastus,
2026-05-02 23:56:11.402,req-0001995,,userinfo,401,10.055,westus,15m
2026-05-02 23:56:36.960,req-0001996,user-026,userinfo,200,31.636,eastus,1h
2026-05-02 23:56:55.130,req-0001997,user-034,signup,201,56.844,eastus,30m
2026-05-02 23:58:23.964,req-0001998,user-029,tokenvalidation,200,9.633,eastus,15m
2026-05-02 23:58:49.465,req-0001999,user-027,tokenvalidation,200,4.338,southeastasia,8h
2026-05-02 23:59:29.587,req-0002000,user-042,login,401,17.790,eastus,1h
